ledger_size,trial,query_elapsed_ms,simulated_install_elapsed_ms,entries
10,1,38.291,3754.291,1858
10,2,36.883,3752.883,1858
10,3,32.790,3748.790,1858
10,4,34.266,3750.266,1858
10,5,36.251,3752.251,1858
10,6,39.137,3755.137,1858
10,7,35.274,3751.274,1858
10,8,50.066,3766.066,1858
10,9,58.972,3774.972,1858
10,10,55.719,3771.719,1858
10,11,52.598,3768.598,1858
10,12,65.153,3781.153,1858
10,13,85.991,3801.991,1858
10,14,100.895,3816.895,1858
10,15,101.326,3817.326,1858
10,16,105.976,3821.976,1858
10,17,115.556,3831.556,1858
10,18,62.694,3778.694,1858
10,19,66.548,3782.548,1858
10,20,58.389,3774.389,1858
10,21,60.154,3776.154,1858
10,22,48.440,3764.440,1858
10,23,47.336,3763.336,1858
10,24,46.916,3762.916,1858
10,25,62.372,3778.372,1858
10,26,74.494,3790.494,1858
10,27,76.491,3792.491,1858
10,28,75.825,3791.825,1858
10,29,75.881,3791.881,1858
10,30,74.001,3790.001,1858
10,31,74.391,3790.391,1858
10,32,77.002,3793.002,1858
10,33,66.637,3782.637,1858
10,34,44.597,3760.597,1858
10,35,39.823,3755.823,1858
10,36,44.105,3760.105,1858
10,37,62.622,3778.622,1858
10,38,80.729,3796.729,1858
10,39,104.587,3820.587,1858
10,40,89.678,3805.678,1858
10,41,89.119,3805.119,1858
10,42,97.544,3813.544,1858
10,43,82.347,3798.347,1858
10,44,83.279,3799.279,1858
10,45,81.914,3797.914,1858
10,46,83.070,3799.070,1858
10,47,82.247,3798.247,1858
10,48,82.472,3798.472,1858
10,49,84.327,3800.327,1858
10,50,75.778,3791.778,1858
10,51,40.807,3756.807,1858
10,52,42.653,3758.653,1858
10,53,44.782,3760.782,1858
10,54,50.394,3766.394,1858
10,55,59.397,3775.397,1858
10,56,97.087,3813.087,1858
10,57,109.333,3825.333,1858
10,58,104.961,3820.961,1858
10,59,83.251,3799.251,1858
10,60,83.581,3799.581,1858
10,61,83.079,3799.079,1858
10,62,82.506,3798.506,1858
10,63,82.560,3798.560,1858
10,64,71.141,3787.141,1858
10,65,77.495,3793.495,1858
10,66,90.526,3806.526,1858
10,67,75.314,3791.314,1858
10,68,62.931,3778.931,1858
10,69,36.519,3752.519,1858
10,70,40.892,3756.892,1858
10,71,35.604,3751.604,1858
10,72,38.993,3754.993,1858
10,73,39.629,3755.629,1858
10,74,33.702,3749.702,1858
10,75,32.779,3748.779,1858
10,76,34.108,3750.108,1858
10,77,34.762,3750.762,1858
10,78,35.527,3751.527,1858
10,79,43.913,3759.913,1858
10,80,53.846,3769.846,1858
10,81,56.184,3772.184,1858
10,82,91.022,3807.022,1858
10,83,81.537,3797.537,1858
10,84,84.025,3800.025,1858
10,85,50.621,3766.621,1858
10,86,57.754,3773.754,1858
10,87,61.551,3777.551,1858
10,88,61.312,3777.312,1858
10,89,61.204,3777.204,1858
10,90,92.620,3808.620,1858
10,91,75.876,3791.876,1858
10,92,83.633,3799.633,1858
10,93,82.911,3798.911,1858
10,94,82.764,3798.764,1858
10,95,110.650,3826.650,1858
10,96,94.190,3810.190,1858
10,97,90.482,3806.482,1858
10,98,90.367,3806.367,1858
10,99,77.286,3793.286,1858
10,100,75.900,3791.900,1858
10,101,74.319,3790.319,1858
10,102,73.159,3789.159,1858
10,103,52.276,3768.276,1858
10,104,35.517,3751.517,1858
10,105,32.795,3748.795,1858
10,106,32.552,3748.552,1858
10,107,32.611,3748.611,1858
10,108,32.677,3748.677,1858
10,109,34.052,3750.052,1858
10,110,34.075,3750.075,1858
10,111,35.757,3751.757,1858
10,112,40.343,3756.343,1858
10,113,50.567,3766.567,1858
10,114,62.102,3778.102,1858
10,115,74.087,3790.087,1858
10,116,74.298,3790.298,1858
10,117,74.317,3790.317,1858
10,118,75.123,3791.123,1858
10,119,83.506,3799.506,1858
10,120,84.435,3800.435,1858
10,121,70.423,3786.423,1858
10,122,68.823,3784.823,1858
10,123,52.676,3768.676,1858
10,124,56.395,3772.395,1858
10,125,79.235,3795.235,1858
10,126,101.455,3817.455,1858
10,127,106.010,3822.010,1858
10,128,110.260,3826.260,1858
10,129,109.927,3825.927,1858
10,130,102.618,3818.618,1858
10,131,49.310,3765.310,1858
10,132,66.769,3782.769,1858
10,133,71.246,3787.246,1858
10,134,68.823,3784.823,1858
10,135,35.371,3751.371,1858
10,136,33.462,3749.462,1858
10,137,34.420,3750.420,1858
10,138,38.383,3754.383,1858
10,139,39.743,3755.743,1858
10,140,46.068,3762.068,1858
10,141,51.396,3767.396,1858
10,142,46.099,3762.099,1858
10,143,47.229,3763.229,1858
10,144,49.170,3765.170,1858
10,145,49.491,3765.491,1858
10,146,68.587,3784.587,1858
10,147,90.250,3806.250,1858
10,148,115.370,3831.370,1858
10,149,70.964,3786.964,1858
10,150,79.435,3795.435,1858
10,151,77.447,3793.447,1858
10,152,99.629,3815.629,1858
10,153,85.792,3801.792,1858
10,154,87.065,3803.065,1858
10,155,87.548,3803.548,1858
10,156,84.164,3800.164,1858
10,157,41.435,3757.435,1858
10,158,40.336,3756.336,1858
10,159,43.318,3759.318,1858
10,160,44.036,3760.036,1858
10,161,43.652,3759.652,1858
10,162,48.157,3764.157,1858
10,163,60.854,3776.854,1858
10,164,67.133,3783.133,1858
10,165,57.673,3773.673,1858
10,166,62.419,3778.419,1858
10,167,70.988,3786.988,1858
10,168,44.481,3760.481,1858
10,169,33.462,3749.462,1858
10,170,33.119,3749.119,1858
10,171,32.217,3748.217,1858
10,172,31.825,3747.825,1858
10,173,39.182,3755.182,1858
10,174,45.173,3761.173,1858
10,175,55.100,3771.100,1858
10,176,65.786,3781.786,1858
10,177,64.008,3780.008,1858
10,178,68.075,3784.075,1858
10,179,83.731,3799.731,1858
10,180,87.627,3803.627,1858
10,181,95.703,3811.703,1858
10,182,51.188,3767.188,1858
10,183,51.529,3767.529,1858
10,184,54.761,3770.761,1858
10,185,59.108,3775.108,1858
10,186,81.482,3797.482,1858
10,187,48.656,3764.656,1858
10,188,61.205,3777.205,1858
10,189,71.782,3787.782,1858
10,190,73.932,3789.932,1858
10,191,48.325,3764.325,1858
10,192,53.214,3769.214,1858
10,193,80.606,3796.606,1858
10,194,94.574,3810.574,1858
10,195,96.253,3812.253,1858
10,196,74.729,3790.729,1858
10,197,91.247,3807.247,1858
10,198,82.169,3798.169,1858
10,199,89.284,3805.284,1858
10,200,99.209,3815.209,1858
10,201,86.106,3802.106,1858
10,202,92.421,3808.421,1858
10,203,77.132,3793.132,1858
10,204,79.677,3795.677,1858
10,205,60.158,3776.158,1858
10,206,59.506,3775.506,1858
10,207,69.059,3785.059,1858
10,208,100.517,3816.517,1858
10,209,116.203,3832.203,1858
10,210,60.641,3776.641,1858
10,211,62.663,3778.663,1858
10,212,65.550,3781.550,1858
10,213,67.988,3783.988,1858
10,214,74.844,3790.844,1858
10,215,74.458,3790.458,1858
10,216,73.903,3789.903,1858
10,217,86.039,3802.039,1858
10,218,99.994,3815.994,1858
10,219,106.407,3822.407,1858
10,220,83.077,3799.077,1858
10,221,82.356,3798.356,1858
10,222,84.043,3800.043,1858
10,223,80.854,3796.854,1858
10,224,50.244,3766.244,1858
10,225,50.666,3766.666,1858
10,226,57.799,3773.799,1858
10,227,70.279,3786.279,1858
10,228,84.760,3800.760,1858
10,229,93.254,3809.254,1858
10,230,47.823,3763.823,1858
10,231,47.909,3763.909,1858
10,232,48.093,3764.093,1858
10,233,58.822,3774.822,1858
10,234,66.751,3782.751,1858
10,235,76.205,3792.205,1858
10,236,73.367,3789.367,1858
10,237,82.264,3798.264,1858
10,238,71.005,3787.005,1858
10,239,77.055,3793.055,1858
10,240,87.836,3803.836,1858
10,241,71.240,3787.240,1858
10,242,78.100,3794.100,1858
10,243,82.777,3798.777,1858
10,244,100.444,3816.444,1858
10,245,88.401,3804.401,1858
10,246,88.372,3804.372,1858
10,247,89.676,3805.676,1858
10,248,59.072,3775.072,1858
10,249,62.563,3778.563,1858
10,250,67.913,3783.913,1858
10,251,67.741,3783.741,1858
10,252,68.695,3784.695,1858
10,253,70.661,3786.661,1858
10,254,78.770,3794.770,1858
10,255,96.651,3812.651,1858
10,256,52.144,3768.144,1858
10,257,83.561,3799.561,1858
10,258,40.240,3756.240,1858
10,259,34.843,3750.843,1858
10,260,36.342,3752.342,1858
10,261,37.896,3753.896,1858
10,262,35.421,3751.421,1858
10,263,32.933,3748.933,1858
10,264,35.761,3751.761,1858
10,265,44.335,3760.335,1858
10,266,63.536,3779.536,1858
10,267,118.493,3834.493,1858
10,268,92.172,3808.172,1858
10,269,82.223,3798.223,1858
10,270,79.267,3795.267,1858
10,271,71.616,3787.616,1858
10,272,79.096,3795.096,1858
10,273,88.979,3804.979,1858
10,274,75.847,3791.847,1858
10,275,77.794,3793.794,1858
10,276,84.170,3800.170,1858
10,277,82.988,3798.988,1858
10,278,45.726,3761.726,1858
10,279,46.479,3762.479,1858
10,280,45.242,3761.242,1858
10,281,58.267,3774.267,1858
10,282,63.125,3779.125,1858
10,283,61.230,3777.230,1858
10,284,62.037,3778.037,1858
10,285,65.038,3781.038,1858
10,286,72.524,3788.524,1858
10,287,56.032,3772.032,1858
10,288,32.489,3748.489,1858
10,289,32.431,3748.431,1858
10,290,32.882,3748.882,1858
10,291,32.658,3748.658,1858
10,292,36.675,3752.675,1858
10,293,37.669,3753.669,1858
10,294,47.904,3763.904,1858
10,295,42.494,3758.494,1858
10,296,32.777,3748.777,1858
10,297,33.071,3749.071,1858
10,298,32.888,3748.888,1858
10,299,34.475,3750.475,1858
10,300,48.434,3764.434,1858
10,301,60.343,3776.343,1858
10,302,63.917,3779.917,1858
10,303,103.827,3819.827,1858
10,304,70.790,3786.790,1858
10,305,74.759,3790.759,1858
10,306,82.204,3798.204,1858
10,307,91.508,3807.508,1858
10,308,38.672,3754.672,1858
10,309,38.654,3754.654,1858
10,310,40.830,3756.830,1858
10,311,52.847,3768.847,1858
10,312,59.457,3775.457,1858
10,313,59.706,3775.706,1858
10,314,59.352,3775.352,1858
10,315,62.653,3778.653,1858
10,316,67.531,3783.531,1858
10,317,73.664,3789.664,1858
10,318,73.790,3789.790,1858
10,319,63.590,3779.590,1858
10,320,43.131,3759.131,1858
10,321,62.855,3778.855,1858
10,322,73.603,3789.603,1858
10,323,75.231,3791.231,1858
10,324,94.825,3810.825,1858
10,325,89.246,3805.246,1858
10,326,40.249,3756.249,1858
10,327,47.406,3763.406,1858
10,328,53.512,3769.512,1858
10,329,33.115,3749.115,1858
10,330,35.297,3751.297,1858
10,331,34.208,3750.208,1858
10,332,35.625,3751.625,1858
10,333,36.685,3752.685,1858
10,334,35.042,3751.042,1858
10,335,37.731,3753.731,1858
10,336,43.450,3759.450,1858
10,337,46.582,3762.582,1858
10,338,46.013,3762.013,1858
10,339,46.323,3762.323,1858
10,340,42.613,3758.613,1858
10,341,34.935,3750.935,1858
10,342,44.395,3760.395,1858
10,343,58.679,3774.679,1858
10,344,65.192,3781.192,1858
10,345,73.273,3789.273,1858
10,346,71.817,3787.817,1858
10,347,62.107,3778.107,1858
10,348,75.559,3791.559,1858
10,349,92.318,3808.318,1858
10,350,100.042,3816.042,1858
10,351,98.885,3814.885,1858
10,352,77.326,3793.326,1858
10,353,53.179,3769.179,1858
10,354,89.450,3805.450,1858
10,355,65.390,3781.390,1858
10,356,88.946,3804.946,1858
10,357,45.278,3761.278,1858
10,358,50.103,3766.103,1858
10,359,54.681,3770.681,1858
10,360,55.198,3771.198,1858
10,361,57.799,3773.799,1858
10,362,66.823,3782.823,1858
10,363,69.701,3785.701,1858
10,364,72.854,3788.854,1858
10,365,92.477,3808.477,1858
10,366,71.016,3787.016,1858
10,367,72.068,3788.068,1858
10,368,88.986,3804.986,1858
10,369,92.247,3808.247,1858
10,370,61.420,3777.420,1858
10,371,63.748,3779.748,1858
10,372,70.782,3786.782,1858
10,373,70.697,3786.697,1858
10,374,71.972,3787.972,1858
10,375,79.245,3795.245,1858
10,376,98.442,3814.442,1858
10,377,84.707,3800.707,1858
10,378,59.939,3775.939,1858
10,379,77.461,3793.461,1858
10,380,103.894,3819.894,1858
10,381,63.282,3779.282,1858
10,382,68.965,3784.965,1858
10,383,68.841,3784.841,1858
10,384,67.280,3783.280,1858
10,385,66.724,3782.724,1858
10,386,69.369,3785.369,1858
10,387,67.218,3783.218,1858
10,388,67.433,3783.433,1858
10,389,67.055,3783.055,1858
10,390,94.164,3810.164,1858
10,391,88.566,3804.566,1858
10,392,87.832,3803.832,1858
10,393,104.215,3820.215,1858
10,394,107.147,3823.147,1858
10,395,108.458,3824.458,1858
10,396,53.949,3769.949,1858
10,397,54.020,3770.020,1858
10,398,61.603,3777.603,1858
10,399,73.848,3789.848,1858
10,400,78.504,3794.504,1858
10,401,64.359,3780.359,1858
10,402,64.072,3780.072,1858
10,403,64.959,3780.959,1858
10,404,105.089,3821.089,1858
10,405,112.680,3828.680,1858
10,406,86.920,3802.920,1858
10,407,86.609,3802.609,1858
10,408,76.697,3792.697,1858
10,409,86.853,3802.853,1858
10,410,94.121,3810.121,1858
10,411,86.928,3802.928,1858
10,412,53.045,3769.045,1858
10,413,55.261,3771.261,1858
10,414,61.386,3777.386,1858
10,415,59.096,3775.096,1858
10,416,58.842,3774.842,1858
10,417,60.236,3776.236,1858
10,418,65.120,3781.120,1858
10,419,68.235,3784.235,1858
10,420,74.128,3790.128,1858
10,421,78.643,3794.643,1858
10,422,78.151,3794.151,1858
10,423,78.062,3794.062,1858
10,424,89.328,3805.328,1858
10,425,94.829,3810.829,1858
10,426,38.489,3754.489,1858
10,427,38.568,3754.568,1858
10,428,40.381,3756.381,1858
10,429,39.998,3755.998,1858
10,430,46.993,3762.993,1858
10,431,53.262,3769.262,1858
10,432,54.668,3770.668,1858
10,433,53.048,3769.048,1858
10,434,56.721,3772.721,1858
10,435,59.710,3775.710,1858
10,436,63.022,3779.022,1858
10,437,74.928,3790.928,1858
10,438,58.723,3774.723,1858
10,439,42.908,3758.908,1858
10,440,43.304,3759.304,1858
10,441,43.494,3759.494,1858
10,442,46.574,3762.574,1858
10,443,60.117,3776.117,1858
10,444,66.191,3782.191,1858
10,445,98.072,3814.072,1858
10,446,58.526,3774.526,1858
10,447,82.102,3798.102,1858
10,448,42.020,3758.020,1858
10,449,42.792,3758.792,1858
10,450,52.730,3768.730,1858
10,451,62.698,3778.698,1858
10,452,66.375,3782.375,1858
10,453,56.704,3772.704,1858
10,454,83.575,3799.575,1858
10,455,82.697,3798.697,1858
10,456,81.524,3797.524,1858
10,457,48.420,3764.420,1858
10,458,49.471,3765.471,1858
10,459,51.179,3767.179,1858
10,460,54.495,3770.495,1858
10,461,64.251,3780.251,1858
10,462,71.770,3787.770,1858
10,463,75.753,3791.753,1858
10,464,81.813,3797.813,1858
10,465,82.283,3798.283,1858
10,466,118.689,3834.689,1858
10,467,89.968,3805.968,1858
10,468,88.495,3804.495,1858
10,469,88.639,3804.639,1858
10,470,71.036,3787.036,1858
10,471,71.836,3787.836,1858
10,472,70.923,3786.923,1858
10,473,71.720,3787.720,1858
10,474,70.406,3786.406,1858
10,475,71.068,3787.068,1858
10,476,71.189,3787.189,1858
10,477,69.626,3785.626,1858
10,478,72.078,3788.078,1858
10,479,55.096,3771.096,1858
10,480,59.344,3775.344,1858
10,481,59.265,3775.265,1858
10,482,65.288,3781.288,1858
10,483,67.357,3783.357,1858
10,484,68.940,3784.940,1858
10,485,67.194,3783.194,1858
10,486,71.188,3787.188,1858
10,487,79.266,3795.266,1858
10,488,96.581,3812.581,1858
10,489,84.781,3800.781,1858
10,490,62.301,3778.301,1858
10,491,68.112,3784.112,1858
10,492,69.118,3785.118,1858
10,493,67.986,3783.986,1858
10,494,68.919,3784.919,1858
10,495,68.337,3784.337,1858
10,496,67.052,3783.052,1858
10,497,72.972,3788.972,1858
10,498,77.547,3793.547,1858
10,499,87.153,3803.153,1858
10,500,93.680,3809.680,1858
50,1,38.763,3754.763,1858
50,2,34.517,3750.517,1858
50,3,31.909,3747.909,1858
50,4,33.359,3749.359,1858
50,5,51.934,3767.934,1858
50,6,70.235,3786.235,1858
50,7,82.056,3798.056,1858
50,8,60.425,3776.425,1858
50,9,36.917,3752.917,1858
50,10,34.190,3750.190,1858
50,11,32.144,3748.144,1858
50,12,33.171,3749.171,1858
50,13,33.202,3749.202,1858
50,14,33.690,3749.690,1858
50,15,36.707,3752.707,1858
50,16,34.066,3750.066,1858
50,17,34.008,3750.008,1858
50,18,32.820,3748.820,1858
50,19,41.377,3757.377,1858
50,20,45.314,3761.314,1858
50,21,47.810,3763.810,1858
50,22,61.392,3777.392,1858
50,23,74.524,3790.524,1858
50,24,73.149,3789.149,1858
50,25,103.028,3819.028,1858
50,26,78.799,3794.799,1858
50,27,76.345,3792.345,1858
50,28,66.364,3782.364,1858
50,29,64.250,3780.250,1858
50,30,64.683,3780.683,1858
50,31,64.598,3780.598,1858
50,32,79.484,3795.484,1858
50,33,87.238,3803.238,1858
50,34,82.228,3798.228,1858
50,35,45.847,3761.847,1858
50,36,44.861,3760.861,1858
50,37,52.341,3768.341,1858
50,38,52.344,3768.344,1858
50,39,32.844,3748.844,1858
50,40,33.905,3749.905,1858
50,41,41.298,3757.298,1858
50,42,46.071,3762.071,1858
50,43,47.118,3763.118,1858
50,44,51.588,3767.588,1858
50,45,77.616,3793.616,1858
50,46,91.478,3807.478,1858
50,47,96.959,3812.959,1858
50,48,100.691,3816.691,1858
50,49,50.533,3766.533,1858
50,50,61.625,3777.625,1858
50,51,71.068,3787.068,1858
50,52,80.049,3796.049,1858
50,53,81.252,3797.252,1858
50,54,68.402,3784.402,1858
50,55,67.820,3783.820,1858
50,56,71.151,3787.151,1858
50,57,87.520,3803.520,1858
50,58,92.492,3808.492,1858
50,59,73.294,3789.294,1858
50,60,40.543,3756.543,1858
50,61,41.027,3757.027,1858
50,62,47.282,3763.282,1858
50,63,65.367,3781.367,1858
50,64,102.414,3818.414,1858
50,65,86.627,3802.627,1858
50,66,70.499,3786.499,1858
50,67,90.835,3806.835,1858
50,68,71.001,3787.001,1858
50,69,74.949,3790.949,1858
50,70,78.118,3794.118,1858
50,71,78.587,3794.587,1858
50,72,73.971,3789.971,1858
50,73,82.143,3798.143,1858
50,74,82.809,3798.809,1858
50,75,80.800,3796.800,1858
50,76,95.238,3811.238,1858
50,77,76.526,3792.526,1858
50,78,80.745,3796.745,1858
50,79,77.091,3793.091,1858
50,80,94.153,3810.153,1858
50,81,84.294,3800.294,1858
50,82,47.103,3763.103,1858
50,83,45.498,3761.498,1858
50,84,44.903,3760.903,1858
50,85,50.845,3766.845,1858
50,86,61.403,3777.403,1858
50,87,70.676,3786.676,1858
50,88,71.025,3787.025,1858
50,89,70.993,3786.993,1858
50,90,72.454,3788.454,1858
50,91,82.532,3798.532,1858
50,92,78.484,3794.484,1858
50,93,66.142,3782.142,1858
50,94,63.307,3779.307,1858
50,95,47.132,3763.132,1858
50,96,55.567,3771.567,1858
50,97,50.773,3766.773,1858
50,98,53.279,3769.279,1858
50,99,66.651,3782.651,1858
50,100,73.818,3789.818,1858
50,101,81.607,3797.607,1858
50,102,82.805,3798.805,1858
50,103,83.835,3799.835,1858
50,104,83.566,3799.566,1858
50,105,82.721,3798.721,1858
50,106,95.681,3811.681,1858
50,107,87.821,3803.821,1858
50,108,43.016,3759.016,1858
50,109,42.836,3758.836,1858
50,110,42.063,3758.063,1858
50,111,42.130,3758.130,1858
50,112,42.889,3758.889,1858
50,113,44.915,3760.915,1858
50,114,47.052,3763.052,1858
50,115,46.915,3762.915,1858
50,116,46.234,3762.234,1858
50,117,50.256,3766.256,1858
50,118,57.233,3773.233,1858
50,119,57.312,3773.312,1858
50,120,63.251,3779.251,1858
50,121,65.383,3781.383,1858
50,122,63.910,3779.910,1858
50,123,47.814,3763.814,1858
50,124,48.608,3764.608,1858
50,125,50.366,3766.366,1858
50,126,53.389,3769.389,1858
50,127,55.515,3771.515,1858
50,128,62.152,3778.152,1858
50,129,78.122,3794.122,1858
50,130,103.996,3819.996,1858
50,131,58.153,3774.153,1858
50,132,59.122,3775.122,1858
50,133,58.135,3774.135,1858
50,134,58.488,3774.488,1858
50,135,65.949,3781.949,1858
50,136,79.118,3795.118,1858
50,137,75.556,3791.556,1858
50,138,55.249,3771.249,1858
50,139,60.740,3776.740,1858
50,140,66.575,3782.575,1858
50,141,59.746,3775.746,1858
50,142,92.640,3808.640,1858
50,143,90.332,3806.332,1858
50,144,104.653,3820.653,1858
50,145,70.208,3786.208,1858
50,146,73.792,3789.792,1858
50,147,71.796,3787.796,1858
50,148,62.885,3778.885,1858
50,149,49.711,3765.711,1858
50,150,49.607,3765.607,1858
50,151,36.133,3752.133,1858
50,152,36.653,3752.653,1858
50,153,36.412,3752.412,1858
50,154,35.873,3751.873,1858
50,155,36.546,3752.546,1858
50,156,40.944,3756.944,1858
50,157,41.778,3757.778,1858
50,158,53.452,3769.452,1858
50,159,61.983,3777.983,1858
50,160,61.250,3777.250,1858
50,161,61.897,3777.897,1858
50,162,61.846,3777.846,1858
50,163,68.756,3784.756,1858
50,164,70.139,3786.139,1858
50,165,67.987,3783.987,1858
50,166,44.511,3760.511,1858
50,167,46.059,3762.059,1858
50,168,49.332,3765.332,1858
50,169,64.210,3780.210,1858
50,170,85.271,3801.271,1858
50,171,77.424,3793.424,1858
50,172,85.572,3801.572,1858
50,173,93.568,3809.568,1858
50,174,45.844,3761.844,1858
50,175,46.241,3762.241,1858
50,176,46.362,3762.362,1858
50,177,51.453,3767.453,1858
50,178,65.222,3781.222,1858
50,179,75.068,3791.068,1858
50,180,74.355,3790.355,1858
50,181,75.139,3791.139,1858
50,182,75.466,3791.466,1858
50,183,85.288,3801.288,1858
50,184,87.735,3803.735,1858
50,185,88.738,3804.738,1858
50,186,86.941,3802.941,1858
50,187,87.992,3803.992,1858
50,188,95.956,3811.956,1858
50,189,49.562,3765.562,1858
50,190,53.684,3769.684,1858
50,191,43.280,3759.280,1858
50,192,53.828,3769.828,1858
50,193,64.792,3780.792,1858
50,194,64.083,3780.083,1858
50,195,64.175,3780.175,1858
50,196,64.013,3780.013,1858
50,197,70.076,3786.076,1858
50,198,106.391,3822.391,1858
50,199,88.000,3804.000,1858
50,200,108.010,3824.010,1858
50,201,113.744,3829.744,1858
50,202,86.160,3802.160,1858
50,203,88.434,3804.434,1858
50,204,103.381,3819.381,1858
50,205,103.751,3819.751,1858
50,206,57.729,3773.729,1858
50,207,56.647,3772.647,1858
50,208,56.952,3772.952,1858
50,209,50.625,3766.625,1858
50,210,49.287,3765.287,1858
50,211,50.777,3766.777,1858
50,212,58.985,3774.985,1858
50,213,53.106,3769.106,1858
50,214,66.730,3782.730,1858
50,215,68.356,3784.356,1858
50,216,69.605,3785.605,1858
50,217,67.184,3783.184,1858
50,218,69.686,3785.686,1858
50,219,70.292,3786.292,1858
50,220,70.047,3786.047,1858
50,221,68.409,3784.409,1858
50,222,68.383,3784.383,1858
50,223,67.037,3783.037,1858
50,224,96.007,3812.007,1858
50,225,74.746,3790.746,1858
50,226,82.928,3798.928,1858
50,227,87.170,3803.170,1858
50,228,39.529,3755.529,1858
50,229,34.500,3750.500,1858
50,230,38.157,3754.157,1858
50,231,36.640,3752.640,1858
50,232,35.113,3751.113,1858
50,233,40.937,3756.937,1858
50,234,32.562,3748.562,1858
50,235,34.075,3750.075,1858
50,236,36.980,3752.980,1858
50,237,43.357,3759.357,1858
50,238,46.569,3762.569,1858
50,239,46.441,3762.441,1858
50,240,49.150,3765.150,1858
50,241,51.938,3767.938,1858
50,242,52.702,3768.702,1858
50,243,52.011,3768.011,1858
50,244,53.455,3769.455,1858
50,245,56.675,3772.675,1858
50,246,65.946,3781.946,1858
50,247,64.027,3780.027,1858
50,248,64.236,3780.236,1858
50,249,68.173,3784.173,1858
50,250,74.598,3790.598,1858
50,251,74.577,3790.577,1858
50,252,90.174,3806.174,1858
50,253,82.463,3798.463,1858
50,254,82.259,3798.259,1858
50,255,82.352,3798.352,1858
50,256,84.278,3800.278,1858
50,257,94.091,3810.091,1858
50,258,81.319,3797.319,1858
50,259,109.621,3825.621,1858
50,260,107.643,3823.643,1858
50,261,65.274,3781.274,1858
50,262,80.123,3796.123,1858
50,263,52.885,3768.885,1858
50,264,33.592,3749.592,1858
50,265,33.403,3749.403,1858
50,266,33.231,3749.231,1858
50,267,35.664,3751.664,1858
50,268,41.195,3757.195,1858
50,269,61.155,3777.155,1858
50,270,74.122,3790.122,1858
50,271,73.801,3789.801,1858
50,272,73.803,3789.803,1858
50,273,72.506,3788.506,1858
50,274,92.673,3808.673,1858
50,275,96.870,3812.870,1858
50,276,68.711,3784.711,1858
50,277,69.311,3785.311,1858
50,278,63.979,3779.979,1858
50,279,57.374,3773.374,1858
50,280,56.373,3772.373,1858
50,281,59.351,3775.351,1858
50,282,65.193,3781.193,1858
50,283,64.244,3780.244,1858
50,284,58.228,3774.228,1858
50,285,55.148,3771.148,1858
50,286,58.566,3774.566,1858
50,287,61.373,3777.373,1858
50,288,46.581,3762.581,1858
50,289,46.397,3762.397,1858
50,290,46.630,3762.630,1858
50,291,53.106,3769.106,1858
50,292,57.089,3773.089,1858
50,293,56.794,3772.794,1858
50,294,91.340,3807.340,1858
50,295,88.690,3804.690,1858
50,296,76.475,3792.475,1858
50,297,35.094,3751.094,1858
50,298,32.680,3748.680,1858
50,299,33.734,3749.734,1858
50,300,36.887,3752.887,1858
50,301,39.492,3755.492,1858
50,302,46.957,3762.957,1858
50,303,51.580,3767.580,1858
50,304,89.639,3805.639,1858
50,305,81.295,3797.295,1858
50,306,102.967,3818.967,1858
50,307,115.082,3831.082,1858
50,308,70.576,3786.576,1858
50,309,73.572,3789.572,1858
50,310,97.739,3813.739,1858
50,311,104.627,3820.627,1858
50,312,38.369,3754.369,1858
50,313,37.774,3753.774,1858
50,314,45.281,3761.281,1858
50,315,72.992,3788.992,1858
50,316,106.959,3822.959,1858
50,317,70.770,3786.770,1858
50,318,69.889,3785.889,1858
50,319,87.163,3803.163,1858
50,320,95.637,3811.637,1858
50,321,43.828,3759.828,1858
50,322,42.908,3758.908,1858
50,323,47.208,3763.208,1858
50,324,57.164,3773.164,1858
50,325,58.119,3774.119,1858
50,326,57.545,3773.545,1858
50,327,57.392,3773.392,1858
50,328,35.749,3751.749,1858
50,329,32.596,3748.596,1858
50,330,33.008,3749.008,1858
50,331,36.097,3752.097,1858
50,332,40.907,3756.907,1858
50,333,42.162,3758.162,1858
50,334,50.358,3766.358,1858
50,335,56.808,3772.808,1858
50,336,56.748,3772.748,1858
50,337,56.934,3772.934,1858
50,338,56.874,3772.874,1858
50,339,57.437,3773.437,1858
50,340,57.369,3773.369,1858
50,341,57.033,3773.033,1858
50,342,56.089,3772.089,1858
50,343,56.674,3772.674,1858
50,344,61.476,3777.476,1858
50,345,64.764,3780.764,1858
50,346,64.890,3780.890,1858
50,347,65.148,3781.148,1858
50,348,77.731,3793.731,1858
50,349,86.549,3802.549,1858
50,350,90.057,3806.057,1858
50,351,89.725,3805.725,1858
50,352,98.693,3814.693,1858
50,353,86.322,3802.322,1858
50,354,69.395,3785.395,1858
50,355,65.244,3781.244,1858
50,356,71.069,3787.069,1858
50,357,107.678,3823.678,1858
50,358,86.167,3802.167,1858
50,359,90.750,3806.750,1858
50,360,87.128,3803.128,1858
50,361,79.794,3795.794,1858
50,362,56.868,3772.868,1858
50,363,65.046,3781.046,1858
50,364,79.869,3795.869,1858
50,365,88.557,3804.557,1858
50,366,88.834,3804.834,1858
50,367,88.620,3804.620,1858
50,368,82.553,3798.553,1858
50,369,51.182,3767.182,1858
50,370,61.114,3777.114,1858
50,371,78.134,3794.134,1858
50,372,83.738,3799.738,1858
50,373,43.415,3759.415,1858
50,374,41.102,3757.102,1858
50,375,45.192,3761.192,1858
50,376,53.207,3769.207,1858
50,377,61.267,3777.267,1858
50,378,63.867,3779.867,1858
50,379,77.569,3793.569,1858
50,380,101.217,3817.217,1858
50,381,101.835,3817.835,1858
50,382,97.216,3813.216,1858
50,383,65.235,3781.235,1858
50,384,68.786,3784.786,1858
50,385,74.623,3790.623,1858
50,386,83.583,3799.583,1858
50,387,94.440,3810.440,1858
50,388,83.404,3799.404,1858
50,389,78.196,3794.196,1858
50,390,45.323,3761.323,1858
50,391,52.873,3768.873,1858
50,392,59.739,3775.739,1858
50,393,59.484,3775.484,1858
50,394,68.070,3784.070,1858
50,395,76.497,3792.497,1858
50,396,99.093,3815.093,1858
50,397,107.819,3823.819,1858
50,398,70.532,3786.532,1858
50,399,69.115,3785.115,1858
50,400,66.845,3782.845,1858
50,401,69.211,3785.211,1858
50,402,68.125,3784.125,1858
50,403,74.453,3790.453,1858
50,404,55.602,3771.602,1858
50,405,55.293,3771.293,1858
50,406,54.848,3770.848,1858
50,407,65.651,3781.651,1858
50,408,70.054,3786.054,1858
50,409,90.776,3806.776,1858
50,410,46.269,3762.269,1858
50,411,56.740,3772.740,1858
50,412,111.342,3827.342,1858
50,413,116.994,3832.994,1858
50,414,60.006,3776.006,1858
50,415,60.149,3776.149,1858
50,416,66.975,3782.975,1858
50,417,88.704,3804.704,1858
50,418,94.766,3810.766,1858
50,419,92.792,3808.792,1858
50,420,93.184,3809.184,1858
50,421,86.203,3802.203,1858
50,422,46.797,3762.797,1858
50,423,46.370,3762.370,1858
50,424,48.289,3764.289,1858
50,425,52.407,3768.407,1858
50,426,51.004,3767.004,1858
50,427,52.409,3768.409,1858
50,428,48.191,3764.191,1858
50,429,34.511,3750.511,1858
50,430,36.954,3752.954,1858
50,431,36.762,3752.762,1858
50,432,33.987,3749.987,1858
50,433,32.485,3748.485,1858
50,434,34.543,3750.543,1858
50,435,38.220,3754.220,1858
50,436,48.708,3764.708,1858
50,437,75.803,3791.803,1858
50,438,66.783,3782.783,1858
50,439,69.502,3785.502,1858
50,440,67.290,3783.290,1858
50,441,66.800,3782.800,1858
50,442,57.344,3773.344,1858
50,443,67.617,3783.617,1858
50,444,73.587,3789.587,1858
50,445,73.214,3789.214,1858
50,446,86.027,3802.027,1858
50,447,70.942,3786.942,1858
50,448,75.088,3791.088,1858
50,449,69.887,3785.887,1858
50,450,59.593,3775.593,1858
50,451,70.418,3786.418,1858
50,452,88.289,3804.289,1858
50,453,52.733,3768.733,1858
50,454,53.078,3769.078,1858
50,455,52.875,3768.875,1858
50,456,55.640,3771.640,1858
50,457,60.908,3776.908,1858
50,458,41.070,3757.070,1858
50,459,47.951,3763.951,1858
50,460,56.147,3772.147,1858
50,461,62.196,3778.196,1858
50,462,62.176,3778.176,1858
50,463,68.221,3784.221,1858
50,464,73.275,3789.275,1858
50,465,32.782,3748.782,1858
50,466,33.085,3749.085,1858
50,467,37.236,3753.236,1858
50,468,40.296,3756.296,1858
50,469,47.260,3763.260,1858
50,470,52.323,3768.323,1858
50,471,59.403,3775.403,1858
50,472,73.423,3789.423,1858
50,473,56.400,3772.400,1858
50,474,66.012,3782.012,1858
50,475,35.566,3751.566,1858
50,476,33.787,3749.787,1858
50,477,35.020,3751.020,1858
50,478,45.656,3761.656,1858
50,479,70.372,3786.372,1858
50,480,93.339,3809.339,1858
50,481,93.685,3809.685,1858
50,482,93.506,3809.506,1858
50,483,96.047,3812.047,1858
50,484,100.064,3816.064,1858
50,485,78.987,3794.987,1858
50,486,83.464,3799.464,1858
50,487,93.906,3809.906,1858
50,488,70.456,3786.456,1858
50,489,39.800,3755.800,1858
50,490,38.914,3754.914,1858
50,491,39.537,3755.537,1858
50,492,45.433,3761.433,1858
50,493,71.834,3787.834,1858
50,494,88.952,3804.952,1858
50,495,85.296,3801.296,1858
50,496,67.466,3783.466,1858
50,497,36.713,3752.713,1858
50,498,33.027,3749.027,1858
50,499,45.191,3761.191,1858
50,500,75.456,3791.456,1858
100,1,37.897,3753.897,1858
100,2,41.094,3757.094,1858
100,3,34.377,3750.377,1858
100,4,32.478,3748.478,1858
100,5,33.356,3749.356,1858
100,6,39.297,3755.297,1858
100,7,43.270,3759.270,1858
100,8,45.949,3761.949,1858
100,9,50.545,3766.545,1858
100,10,52.905,3768.905,1858
100,11,65.502,3781.502,1858
100,12,87.405,3803.405,1858
100,13,117.987,3833.987,1858
100,14,95.336,3811.336,1858
100,15,69.934,3785.934,1858
100,16,54.727,3770.727,1858
100,17,59.173,3775.173,1858
100,18,59.116,3775.116,1858
100,19,67.918,3783.918,1858
100,20,87.798,3803.798,1858
100,21,89.531,3805.531,1858
100,22,90.108,3806.108,1858
100,23,86.729,3802.729,1858
100,24,87.428,3803.428,1858
100,25,84.776,3800.776,1858
100,26,50.776,3766.776,1858
100,27,41.340,3757.340,1858
100,28,50.331,3766.331,1858
100,29,87.085,3803.085,1858
100,30,72.327,3788.327,1858
100,31,63.032,3779.032,1858
100,32,60.548,3776.548,1858
100,33,56.186,3772.186,1858
100,34,32.385,3748.385,1858
100,35,33.200,3749.200,1858
100,36,45.272,3761.272,1858
100,37,47.960,3763.960,1858
100,38,53.996,3769.996,1858
100,39,60.913,3776.913,1858
100,40,68.695,3784.695,1858
100,41,88.531,3804.531,1858
100,42,57.220,3773.220,1858
100,43,60.088,3776.088,1858
100,44,76.227,3792.227,1858
100,45,70.110,3786.110,1858
100,46,71.465,3787.465,1858
100,47,72.300,3788.300,1858
100,48,85.629,3801.629,1858
100,49,97.468,3813.468,1858
100,50,81.396,3797.396,1858
100,51,79.493,3795.493,1858
100,52,79.656,3795.656,1858
100,53,78.514,3794.514,1858
100,54,98.713,3814.713,1858
100,55,93.185,3809.185,1858
100,56,84.829,3800.829,1858
100,57,59.607,3775.607,1858
100,58,51.814,3767.814,1858
100,59,35.387,3751.387,1858
100,60,32.543,3748.543,1858
100,61,31.975,3747.975,1858
100,62,35.143,3751.143,1858
100,63,39.386,3755.386,1858
100,64,39.786,3755.786,1858
100,65,50.067,3766.067,1858
100,66,54.274,3770.274,1858
100,67,56.331,3772.331,1858
100,68,60.393,3776.393,1858
100,69,48.308,3764.308,1858
100,70,55.675,3771.675,1858
100,71,60.461,3776.461,1858
100,72,76.772,3792.772,1858
100,73,97.450,3813.450,1858
100,74,109.185,3825.185,1858
100,75,116.350,3832.350,1858
100,76,48.255,3764.255,1858
100,77,46.578,3762.578,1858
100,78,47.807,3763.807,1858
100,79,56.582,3772.582,1858
100,80,74.075,3790.075,1858
100,81,74.684,3790.684,1858
100,82,71.106,3787.106,1858
100,83,47.426,3763.426,1858
100,84,46.157,3762.157,1858
100,85,51.933,3767.933,1858
100,86,51.732,3767.732,1858
100,87,52.348,3768.348,1858
100,88,51.203,3767.203,1858
100,89,54.343,3770.343,1858
100,90,89.922,3805.922,1858
100,91,51.499,3767.499,1858
100,92,53.309,3769.309,1858
100,93,71.844,3787.844,1858
100,94,84.185,3800.185,1858
100,95,45.415,3761.415,1858
100,96,47.881,3763.881,1858
100,97,68.104,3784.104,1858
100,98,77.556,3793.556,1858
100,99,49.153,3765.153,1858
100,100,56.930,3772.930,1858
100,101,62.373,3778.373,1858
100,102,61.877,3777.877,1858
100,103,60.938,3776.938,1858
100,104,84.181,3800.181,1858
100,105,101.619,3817.619,1858
100,106,93.964,3809.964,1858
100,107,68.975,3784.975,1858
100,108,73.949,3789.949,1858
100,109,83.272,3799.272,1858
100,110,69.989,3785.989,1858
100,111,77.993,3793.993,1858
100,112,57.069,3773.069,1858
100,113,57.716,3773.716,1858
100,114,60.843,3776.843,1858
100,115,82.028,3798.028,1858
100,116,89.921,3805.921,1858
100,117,111.121,3827.121,1858
100,118,66.584,3782.584,1858
100,119,69.258,3785.258,1858
100,120,69.549,3785.549,1858
100,121,79.121,3795.121,1858
100,122,80.048,3796.048,1858
100,123,76.246,3792.246,1858
100,124,47.903,3763.903,1858
100,125,88.919,3804.919,1858
100,126,86.542,3802.542,1858
100,127,86.168,3802.168,1858
100,128,89.734,3805.734,1858
100,129,87.294,3803.294,1858
100,130,87.887,3803.887,1858
100,131,88.165,3804.165,1858
100,132,88.675,3804.675,1858
100,133,88.055,3804.055,1858
100,134,94.611,3810.611,1858
100,135,90.278,3806.278,1858
100,136,97.850,3813.850,1858
100,137,83.730,3799.730,1858
100,138,92.438,3808.438,1858
100,139,76.161,3792.161,1858
100,140,80.381,3796.381,1858
100,141,86.442,3802.442,1858
100,142,89.252,3805.252,1858
100,143,89.634,3805.634,1858
100,144,106.558,3822.558,1858
100,145,70.138,3786.138,1858
100,146,71.246,3787.246,1858
100,147,71.001,3787.001,1858
100,148,69.853,3785.853,1858
100,149,72.348,3788.348,1858
100,150,67.734,3783.734,1858
100,151,40.580,3756.580,1858
100,152,38.277,3754.277,1858
100,153,61.027,3777.027,1858
100,154,63.162,3779.162,1858
100,155,65.175,3781.175,1858
100,156,71.829,3787.829,1858
100,157,72.854,3788.854,1858
100,158,79.060,3795.060,1858
100,159,80.127,3796.127,1858
100,160,43.860,3759.860,1858
100,161,45.078,3761.078,1858
100,162,44.083,3760.083,1858
100,163,47.574,3763.574,1858
100,164,47.050,3763.050,1858
100,165,57.860,3773.860,1858
100,166,68.807,3784.807,1858
100,167,55.758,3771.758,1858
100,168,50.129,3766.129,1858
100,169,52.038,3768.038,1858
100,170,75.063,3791.063,1858
100,171,56.354,3772.354,1858
100,172,40.620,3756.620,1858
100,173,39.590,3755.590,1858
100,174,40.514,3756.514,1858
100,175,42.136,3758.136,1858
100,176,42.832,3758.832,1858
100,177,42.307,3758.307,1858
100,178,43.877,3759.877,1858
100,179,66.260,3782.260,1858
100,180,87.379,3803.379,1858
100,181,85.719,3801.719,1858
100,182,45.398,3761.398,1858
100,183,50.100,3766.100,1858
100,184,51.448,3767.448,1858
100,185,48.876,3764.876,1858
100,186,43.485,3759.485,1858
100,187,45.215,3761.215,1858
100,188,62.799,3778.799,1858
100,189,77.173,3793.173,1858
100,190,79.508,3795.508,1858
100,191,81.172,3797.172,1858
100,192,78.925,3794.925,1858
100,193,77.995,3793.995,1858
100,194,80.271,3796.271,1858
100,195,80.814,3796.814,1858
100,196,84.135,3800.135,1858
100,197,93.416,3809.416,1858
100,198,109.322,3825.322,1858
100,199,70.780,3786.780,1858
100,200,71.397,3787.397,1858
100,201,76.147,3792.147,1858
100,202,89.498,3805.498,1858
100,203,96.814,3812.814,1858
100,204,77.275,3793.275,1858
100,205,88.806,3804.806,1858
100,206,87.465,3803.465,1858
100,207,87.716,3803.716,1858
100,208,70.706,3786.706,1858
100,209,71.870,3787.870,1858
100,210,72.098,3788.098,1858
100,211,69.665,3785.665,1858
100,212,70.854,3786.854,1858
100,213,71.717,3787.717,1858
100,214,71.625,3787.625,1858
100,215,61.119,3777.119,1858
100,216,59.043,3775.043,1858
100,217,60.845,3776.845,1858
100,218,59.604,3775.604,1858
100,219,96.451,3812.451,1858
100,220,90.197,3806.197,1858
100,221,49.987,3765.987,1858
100,222,59.552,3775.552,1858
100,223,75.438,3791.438,1858
100,224,94.749,3810.749,1858
100,225,86.786,3802.786,1858
100,226,64.977,3780.977,1858
100,227,64.399,3780.399,1858
100,228,65.111,3781.111,1858
100,229,63.847,3779.847,1858
100,230,57.075,3773.075,1858
100,231,62.998,3778.998,1858
100,232,78.969,3794.969,1858
100,233,78.844,3794.844,1858
100,234,86.116,3802.116,1858
100,235,95.838,3811.838,1858
100,236,94.749,3810.749,1858
100,237,87.771,3803.771,1858
100,238,41.923,3757.923,1858
100,239,42.089,3758.089,1858
100,240,43.230,3759.230,1858
100,241,45.039,3761.039,1858
100,242,58.444,3774.444,1858
100,243,72.492,3788.492,1858
100,244,90.438,3806.438,1858
100,245,107.918,3823.918,1858
100,246,88.800,3804.800,1858
100,247,82.743,3798.743,1858
100,248,51.115,3767.115,1858
100,249,52.465,3768.465,1858
100,250,51.604,3767.604,1858
100,251,51.844,3767.844,1858
100,252,93.384,3809.384,1858
100,253,68.275,3784.275,1858
100,254,69.276,3785.276,1858
100,255,67.763,3783.763,1858
100,256,73.094,3789.094,1858
100,257,85.669,3801.669,1858
100,258,62.660,3778.660,1858
100,259,78.101,3794.101,1858
100,260,91.184,3807.184,1858
100,261,98.997,3814.997,1858
100,262,96.630,3812.630,1858
100,263,79.688,3795.688,1858
100,264,78.145,3794.145,1858
100,265,95.772,3811.772,1858
100,266,40.761,3756.761,1858
100,267,41.671,3757.671,1858
100,268,41.706,3757.706,1858
100,269,46.913,3762.913,1858
100,270,43.682,3759.682,1858
100,271,65.452,3781.452,1858
100,272,101.831,3817.831,1858
100,273,72.923,3788.923,1858
100,274,61.558,3777.558,1858
100,275,73.948,3789.948,1858
100,276,77.157,3793.157,1858
100,277,70.053,3786.053,1858
100,278,68.972,3784.972,1858
100,279,73.771,3789.771,1858
100,280,83.041,3799.041,1858
100,281,88.366,3804.366,1858
100,282,63.294,3779.294,1858
100,283,61.832,3777.832,1858
100,284,61.197,3777.197,1858
100,285,61.396,3777.396,1858
100,286,61.278,3777.278,1858
100,287,61.039,3777.039,1858
100,288,64.213,3780.213,1858
100,289,61.521,3777.521,1858
100,290,68.148,3784.148,1858
100,291,79.085,3795.085,1858
100,292,68.647,3784.647,1858
100,293,86.010,3802.010,1858
100,294,89.763,3805.763,1858
100,295,54.336,3770.336,1858
100,296,54.878,3770.878,1858
100,297,53.106,3769.106,1858
100,298,55.783,3771.783,1858
100,299,65.622,3781.622,1858
100,300,67.857,3783.857,1858
100,301,87.391,3803.391,1858
100,302,45.556,3761.556,1858
100,303,66.397,3782.397,1858
100,304,66.581,3782.581,1858
100,305,93.363,3809.363,1858
100,306,117.915,3833.915,1858
100,307,97.819,3813.819,1858
100,308,105.541,3821.541,1858
100,309,67.589,3783.589,1858
100,310,33.940,3749.940,1858
100,311,32.913,3748.913,1858
100,312,42.316,3758.316,1858
100,313,71.516,3787.516,1858
100,314,74.914,3790.914,1858
100,315,54.521,3770.521,1858
100,316,54.345,3770.345,1858
100,317,54.726,3770.726,1858
100,318,47.746,3763.746,1858
100,319,47.660,3763.660,1858
100,320,47.621,3763.621,1858
100,321,49.428,3765.428,1858
100,322,48.066,3764.066,1858
100,323,47.602,3763.602,1858
100,324,47.749,3763.749,1858
100,325,48.362,3764.362,1858
100,326,50.245,3766.245,1858
100,327,53.729,3769.729,1858
100,328,64.506,3780.506,1858
100,329,68.055,3784.055,1858
100,330,68.246,3784.246,1858
100,331,73.495,3789.495,1858
100,332,80.215,3796.215,1858
100,333,78.759,3794.759,1858
100,334,78.144,3794.144,1858
100,335,78.086,3794.086,1858
100,336,78.829,3794.829,1858
100,337,85.040,3801.040,1858
100,338,94.079,3810.079,1858
100,339,113.721,3829.721,1858
100,340,74.637,3790.637,1858
100,341,73.952,3789.952,1858
100,342,74.427,3790.427,1858
100,343,75.956,3791.956,1858
100,344,75.405,3791.405,1858
100,345,45.915,3761.915,1858
100,346,47.141,3763.141,1858
100,347,47.125,3763.125,1858
100,348,54.834,3770.834,1858
100,349,55.771,3771.771,1858
100,350,68.579,3784.579,1858
100,351,89.218,3805.218,1858
100,352,105.223,3821.223,1858
100,353,56.465,3772.465,1858
100,354,56.435,3772.435,1858
100,355,57.269,3773.269,1858
100,356,56.839,3772.839,1858
100,357,57.642,3773.642,1858
100,358,70.236,3786.236,1858
100,359,75.248,3791.248,1858
100,360,72.200,3788.200,1858
100,361,56.318,3772.318,1858
100,362,59.539,3775.539,1858
100,363,90.697,3806.697,1858
100,364,103.595,3819.595,1858
100,365,45.326,3761.326,1858
100,366,44.921,3760.921,1858
100,367,45.775,3761.775,1858
100,368,49.360,3765.360,1858
100,369,60.969,3776.969,1858
100,370,85.872,3801.872,1858
100,371,95.981,3811.981,1858
100,372,77.639,3793.639,1858
100,373,82.629,3798.629,1858
100,374,92.853,3808.853,1858
100,375,92.609,3808.609,1858
100,376,73.800,3789.800,1858
100,377,62.123,3778.123,1858
100,378,67.247,3783.247,1858
100,379,71.592,3787.592,1858
100,380,32.501,3748.501,1858
100,381,32.900,3748.900,1858
100,382,36.330,3752.330,1858
100,383,42.961,3758.961,1858
100,384,43.400,3759.400,1858
100,385,47.591,3763.591,1858
100,386,55.594,3771.594,1858
100,387,64.195,3780.195,1858
100,388,64.157,3780.157,1858
100,389,65.982,3781.982,1858
100,390,42.052,3758.052,1858
100,391,41.389,3757.389,1858
100,392,45.944,3761.944,1858
100,393,74.601,3790.601,1858
100,394,83.673,3799.673,1858
100,395,82.772,3798.772,1858
100,396,81.659,3797.659,1858
100,397,87.736,3803.736,1858
100,398,76.841,3792.841,1858
100,399,78.310,3794.310,1858
100,400,90.607,3806.607,1858
100,401,59.929,3775.929,1858
100,402,69.118,3785.118,1858
100,403,89.514,3805.514,1858
100,404,90.621,3806.621,1858
100,405,60.749,3776.749,1858
100,406,61.579,3777.579,1858
100,407,62.231,3778.231,1858
100,408,61.196,3777.196,1858
100,409,69.249,3785.249,1858
100,410,82.357,3798.357,1858
100,411,67.896,3783.896,1858
100,412,69.036,3785.036,1858
100,413,68.289,3784.289,1858
100,414,72.645,3788.645,1858
100,415,61.516,3777.516,1858
100,416,72.567,3788.567,1858
100,417,85.417,3801.417,1858
100,418,102.128,3818.128,1858
100,419,100.869,3816.869,1858
100,420,101.352,3817.352,1858
100,421,100.579,3816.579,1858
100,422,85.033,3801.033,1858
100,423,90.465,3806.465,1858
100,424,48.780,3764.780,1858
100,425,52.952,3768.952,1858
100,426,70.206,3786.206,1858
100,427,88.585,3804.585,1858
100,428,90.852,3806.852,1858
100,429,57.415,3773.415,1858
100,430,56.551,3772.551,1858
100,431,57.248,3773.248,1858
100,432,60.334,3776.334,1858
100,433,98.988,3814.988,1858
100,434,86.575,3802.575,1858
100,435,71.749,3787.749,1858
100,436,72.638,3788.638,1858
100,437,56.120,3772.120,1858
100,438,57.869,3773.869,1858
100,439,74.178,3790.178,1858
100,440,60.455,3776.455,1858
100,441,66.463,3782.463,1858
100,442,78.217,3794.217,1858
100,443,80.576,3796.576,1858
100,444,77.933,3793.933,1858
100,445,79.849,3795.849,1858
100,446,77.317,3793.317,1858
100,447,78.535,3794.535,1858
100,448,77.592,3793.592,1858
100,449,78.043,3794.043,1858
100,450,77.658,3793.658,1858
100,451,78.289,3794.289,1858
100,452,64.318,3780.318,1858
100,453,64.771,3780.771,1858
100,454,69.136,3785.136,1858
100,455,70.040,3786.040,1858
100,456,47.414,3763.414,1858
100,457,46.400,3762.400,1858
100,458,46.876,3762.876,1858
100,459,49.321,3765.321,1858
100,460,57.712,3773.712,1858
100,461,56.996,3772.996,1858
100,462,65.831,3781.831,1858
100,463,74.414,3790.414,1858
100,464,74.692,3790.692,1858
100,465,82.554,3798.554,1858
100,466,88.166,3804.166,1858
100,467,84.997,3800.997,1858
100,468,50.250,3766.250,1858
100,469,46.276,3762.276,1858
100,470,50.473,3766.473,1858
100,471,50.726,3766.726,1858
100,472,50.441,3766.441,1858
100,473,61.725,3777.725,1858
100,474,71.817,3787.817,1858
100,475,79.415,3795.415,1858
100,476,84.388,3800.388,1858
100,477,84.203,3800.203,1858
100,478,83.403,3799.403,1858
100,479,94.071,3810.071,1858
100,480,98.689,3814.689,1858
100,481,99.631,3815.631,1858
100,482,97.825,3813.825,1858
100,483,75.535,3791.535,1858
100,484,47.762,3763.762,1858
100,485,48.579,3764.579,1858
100,486,73.533,3789.533,1858
100,487,58.431,3774.431,1858
100,488,67.377,3783.377,1858
100,489,79.391,3795.391,1858
100,490,96.185,3812.185,1858
100,491,92.564,3808.564,1858
100,492,93.072,3809.072,1858
100,493,75.671,3791.671,1858
100,494,75.338,3791.338,1858
100,495,88.604,3804.604,1858
100,496,40.838,3756.838,1858
100,497,38.560,3754.560,1858
100,498,39.965,3755.965,1858
100,499,40.699,3756.699,1858
100,500,45.701,3761.701,1858
250,1,37.496,3753.496,1858
250,2,32.982,3748.982,1858
250,3,34.614,3750.614,1858
250,4,37.843,3753.843,1858
250,5,49.592,3765.592,1858
250,6,53.131,3769.131,1858
250,7,52.833,3768.833,1858
250,8,53.175,3769.175,1858
250,9,51.334,3767.334,1858
250,10,51.672,3767.672,1858
250,11,50.152,3766.152,1858
250,12,51.238,3767.238,1858
250,13,75.867,3791.867,1858
250,14,89.293,3805.293,1858
250,15,102.947,3818.947,1858
250,16,102.793,3818.793,1858
250,17,39.006,3755.006,1858
250,18,32.525,3748.525,1858
250,19,34.461,3750.461,1858
250,20,38.032,3754.032,1858
250,21,39.886,3755.886,1858
250,22,40.120,3756.120,1858
250,23,41.678,3757.678,1858
250,24,57.068,3773.068,1858
250,25,69.148,3785.148,1858
250,26,67.306,3783.306,1858
250,27,69.194,3785.194,1858
250,28,68.754,3784.754,1858
250,29,69.668,3785.668,1858
250,30,71.132,3787.132,1858
250,31,79.202,3795.202,1858
250,32,79.907,3795.907,1858
250,33,80.246,3796.246,1858
250,34,95.211,3811.211,1858
250,35,45.413,3761.413,1858
250,36,56.524,3772.524,1858
250,37,62.631,3778.631,1858
250,38,92.774,3808.774,1858
250,39,97.764,3813.764,1858
250,40,79.707,3795.707,1858
250,41,79.104,3795.104,1858
250,42,78.214,3794.214,1858
250,43,77.200,3793.200,1858
250,44,80.243,3796.243,1858
250,45,78.699,3794.699,1858
250,46,79.308,3795.308,1858
250,47,95.923,3811.923,1858
250,48,103.587,3819.587,1858
250,49,119.800,3835.800,1858
250,50,62.280,3778.280,1858
250,51,64.245,3780.245,1858
250,52,71.910,3787.910,1858
250,53,69.014,3785.014,1858
250,54,51.321,3767.321,1858
250,55,52.151,3768.151,1858
250,56,60.963,3776.963,1858
250,57,63.874,3779.874,1858
250,58,79.328,3795.328,1858
250,59,58.682,3774.682,1858
250,60,59.118,3775.118,1858
250,61,61.355,3777.355,1858
250,62,68.862,3784.862,1858
250,63,83.362,3799.362,1858
250,64,90.279,3806.279,1858
250,65,86.273,3802.273,1858
250,66,41.904,3757.904,1858
250,67,32.564,3748.564,1858
250,68,42.057,3758.057,1858
250,69,43.185,3759.185,1858
250,70,50.839,3766.839,1858
250,71,60.608,3776.608,1858
250,72,90.668,3806.668,1858
250,73,87.027,3803.027,1858
250,74,87.719,3803.719,1858
250,75,89.033,3805.033,1858
250,76,101.821,3817.821,1858
250,77,67.235,3783.235,1858
250,78,87.114,3803.114,1858
250,79,53.756,3769.756,1858
250,80,83.103,3799.103,1858
250,81,97.679,3813.679,1858
250,82,42.639,3758.639,1858
250,83,41.702,3757.702,1858
250,84,49.512,3765.512,1858
250,85,50.025,3766.025,1858
250,86,55.001,3771.001,1858
250,87,77.875,3793.875,1858
250,88,108.441,3824.441,1858
250,89,50.072,3766.072,1858
250,90,51.615,3767.615,1858
250,91,53.629,3769.629,1858
250,92,58.829,3774.829,1858
250,93,56.358,3772.358,1858
250,94,57.562,3773.562,1858
250,95,55.682,3771.682,1858
250,96,57.720,3773.720,1858
250,97,56.732,3772.732,1858
250,98,61.471,3777.471,1858
250,99,71.757,3787.757,1858
250,100,46.432,3762.432,1858
250,101,47.613,3763.613,1858
250,102,51.439,3767.439,1858
250,103,55.437,3771.437,1858
250,104,58.671,3774.671,1858
250,105,74.827,3790.827,1858
250,106,87.099,3803.099,1858
250,107,87.623,3803.623,1858
250,108,97.849,3813.849,1858
250,109,45.948,3761.948,1858
250,110,34.235,3750.235,1858
250,111,32.432,3748.432,1858
250,112,34.972,3750.972,1858
250,113,38.308,3754.308,1858
250,114,48.844,3764.844,1858
250,115,68.941,3784.941,1858
250,116,47.366,3763.366,1858
250,117,48.311,3764.311,1858
250,118,46.030,3762.030,1858
250,119,48.904,3764.904,1858
250,120,51.455,3767.455,1858
250,121,55.286,3771.286,1858
250,122,49.495,3765.495,1858
250,123,59.324,3775.324,1858
250,124,65.712,3781.712,1858
250,125,70.655,3786.655,1858
250,126,76.575,3792.575,1858
250,127,82.953,3798.953,1858
250,128,85.026,3801.026,1858
250,129,44.535,3760.535,1858
250,130,53.154,3769.154,1858
250,131,68.405,3784.405,1858
250,132,74.334,3790.334,1858
250,133,75.329,3791.329,1858
250,134,74.467,3790.467,1858
250,135,75.377,3791.377,1858
250,136,99.692,3815.692,1858
250,137,88.351,3804.351,1858
250,138,82.373,3798.373,1858
250,139,45.467,3761.467,1858
250,140,48.622,3764.622,1858
250,141,33.862,3749.862,1858
250,142,34.620,3750.620,1858
250,143,34.443,3750.443,1858
250,144,35.674,3751.674,1858
250,145,37.290,3753.290,1858
250,146,38.048,3754.048,1858
250,147,33.467,3749.467,1858
250,148,33.255,3749.255,1858
250,149,32.438,3748.438,1858
250,150,31.883,3747.883,1858
250,151,41.177,3757.177,1858
250,152,60.755,3776.755,1858
250,153,46.989,3762.989,1858
250,154,47.207,3763.207,1858
250,155,46.334,3762.334,1858
250,156,46.263,3762.263,1858
250,157,46.499,3762.499,1858
250,158,46.501,3762.501,1858
250,159,51.846,3767.846,1858
250,160,59.446,3775.446,1858
250,161,64.998,3780.998,1858
250,162,75.423,3791.423,1858
250,163,59.826,3775.826,1858
250,164,90.687,3806.687,1858
250,165,40.955,3756.955,1858
250,166,38.059,3754.059,1858
250,167,40.806,3756.806,1858
250,168,47.701,3763.701,1858
250,169,62.293,3778.293,1858
250,170,76.981,3792.981,1858
250,171,81.790,3797.790,1858
250,172,44.428,3760.428,1858
250,173,43.956,3759.956,1858
250,174,53.205,3769.205,1858
250,175,58.349,3774.349,1858
250,176,59.889,3775.889,1858
250,177,59.384,3775.384,1858
250,178,72.879,3788.879,1858
250,179,107.829,3823.829,1858
250,180,86.359,3802.359,1858
250,181,88.296,3804.296,1858
250,182,45.547,3761.547,1858
250,183,32.472,3748.472,1858
250,184,31.928,3747.928,1858
250,185,36.606,3752.606,1858
250,186,43.545,3759.545,1858
250,187,52.223,3768.223,1858
250,188,50.721,3766.721,1858
250,189,51.499,3767.499,1858
250,190,56.452,3772.452,1858
250,191,88.418,3804.418,1858
250,192,82.157,3798.157,1858
250,193,88.886,3804.886,1858
250,194,97.071,3813.071,1858
250,195,64.124,3780.124,1858
250,196,67.827,3783.827,1858
250,197,61.611,3777.611,1858
250,198,61.600,3777.600,1858
250,199,66.759,3782.759,1858
250,200,72.358,3788.358,1858
250,201,83.617,3799.617,1858
250,202,75.866,3791.866,1858
250,203,55.225,3771.225,1858
250,204,55.601,3771.601,1858
250,205,58.574,3774.574,1858
250,206,83.020,3799.020,1858
250,207,100.188,3816.188,1858
250,208,100.981,3816.981,1858
250,209,100.245,3816.245,1858
250,210,49.503,3765.503,1858
250,211,51.392,3767.392,1858
250,212,53.299,3769.299,1858
250,213,53.324,3769.324,1858
250,214,52.360,3768.360,1858
250,215,54.859,3770.859,1858
250,216,59.658,3775.658,1858
250,217,50.905,3766.905,1858
250,218,50.799,3766.799,1858
250,219,53.978,3769.978,1858
250,220,59.709,3775.709,1858
250,221,63.987,3779.987,1858
250,222,64.850,3780.850,1858
250,223,54.719,3770.719,1858
250,224,106.053,3822.053,1858
250,225,115.484,3831.484,1858
250,226,111.181,3827.181,1858
250,227,68.336,3784.336,1858
250,228,46.101,3762.101,1858
250,229,45.373,3761.373,1858
250,230,49.605,3765.605,1858
250,231,54.763,3770.763,1858
250,232,56.090,3772.090,1858
250,233,55.058,3771.058,1858
250,234,58.420,3774.420,1858
250,235,66.173,3782.173,1858
250,236,71.624,3787.624,1858
250,237,75.595,3791.595,1858
250,238,96.437,3812.437,1858
250,239,89.357,3805.357,1858
250,240,114.563,3830.563,1858
250,241,54.113,3770.113,1858
250,242,53.435,3769.435,1858
250,243,54.089,3770.089,1858
250,244,58.864,3774.864,1858
250,245,45.522,3761.522,1858
250,246,45.053,3761.053,1858
250,247,51.949,3767.949,1858
250,248,54.833,3770.833,1858
250,249,56.605,3772.605,1858
250,250,63.139,3779.139,1858
250,251,75.245,3791.245,1858
250,252,85.010,3801.010,1858
250,253,82.082,3798.082,1858
250,254,82.295,3798.295,1858
250,255,79.531,3795.531,1858
250,256,57.609,3773.609,1858
250,257,56.728,3772.728,1858
250,258,61.222,3777.222,1858
250,259,79.224,3795.224,1858
250,260,53.451,3769.451,1858
250,261,64.503,3780.503,1858
250,262,67.625,3783.625,1858
250,263,68.777,3784.777,1858
250,264,95.099,3811.099,1858
250,265,102.482,3818.482,1858
250,266,72.301,3788.301,1858
250,267,76.803,3792.803,1858
250,268,82.397,3798.397,1858
250,269,82.177,3798.177,1858
250,270,83.290,3799.290,1858
250,271,84.771,3800.771,1858
250,272,90.432,3806.432,1858
250,273,99.100,3815.100,1858
250,274,101.280,3817.280,1858
250,275,101.300,3817.300,1858
250,276,99.653,3815.653,1858
250,277,95.316,3811.316,1858
250,278,48.087,3764.087,1858
250,279,52.447,3768.447,1858
250,280,77.402,3793.402,1858
250,281,83.949,3799.949,1858
250,282,49.996,3765.996,1858
250,283,49.499,3765.499,1858
250,284,48.450,3764.450,1858
250,285,49.369,3765.369,1858
250,286,81.351,3797.351,1858
250,287,112.807,3828.807,1858
250,288,70.722,3786.722,1858
250,289,75.564,3791.564,1858
250,290,95.455,3811.455,1858
250,291,85.519,3801.519,1858
250,292,47.005,3763.005,1858
250,293,47.098,3763.098,1858
250,294,48.739,3764.739,1858
250,295,51.776,3767.776,1858
250,296,57.034,3773.034,1858
250,297,67.098,3783.098,1858
250,298,60.534,3776.534,1858
250,299,63.633,3779.633,1858
250,300,65.922,3781.922,1858
250,301,69.743,3785.743,1858
250,302,75.582,3791.582,1858
250,303,82.041,3798.041,1858
250,304,96.844,3812.844,1858
250,305,109.205,3825.205,1858
250,306,48.571,3764.571,1858
250,307,40.033,3756.033,1858
250,308,44.397,3760.397,1858
250,309,44.013,3760.013,1858
250,310,60.361,3776.361,1858
250,311,67.478,3783.478,1858
250,312,67.880,3783.880,1858
250,313,68.060,3784.060,1858
250,314,82.392,3798.392,1858
250,315,93.101,3809.101,1858
250,316,105.877,3821.877,1858
250,317,117.367,3833.367,1858
250,318,108.036,3824.036,1858
250,319,52.786,3768.786,1858
250,320,63.306,3779.306,1858
250,321,76.224,3792.224,1858
250,322,78.448,3794.448,1858
250,323,79.677,3795.677,1858
250,324,63.555,3779.555,1858
250,325,54.904,3770.904,1858
250,326,64.576,3780.576,1858
250,327,86.285,3802.285,1858
250,328,79.368,3795.368,1858
250,329,80.144,3796.144,1858
250,330,91.836,3807.836,1858
250,331,93.417,3809.417,1858
250,332,96.747,3812.747,1858
250,333,94.471,3810.471,1858
250,334,86.406,3802.406,1858
250,335,62.596,3778.596,1858
250,336,64.900,3780.900,1858
250,337,75.602,3791.602,1858
250,338,58.480,3774.480,1858
250,339,57.336,3773.336,1858
250,340,57.410,3773.410,1858
250,341,64.366,3780.366,1858
250,342,95.834,3811.834,1858
250,343,81.699,3797.699,1858
250,344,49.572,3765.572,1858
250,345,48.746,3764.746,1858
250,346,52.999,3768.999,1858
250,347,72.654,3788.654,1858
250,348,109.733,3825.733,1858
250,349,68.779,3784.779,1858
250,350,62.712,3778.712,1858
250,351,67.300,3783.300,1858
250,352,67.290,3783.290,1858
250,353,68.854,3784.854,1858
250,354,75.069,3791.069,1858
250,355,65.300,3781.300,1858
250,356,72.036,3788.036,1858
250,357,108.263,3824.263,1858
250,358,71.877,3787.877,1858
250,359,71.808,3787.808,1858
250,360,72.611,3788.611,1858
250,361,73.646,3789.646,1858
250,362,37.551,3753.551,1858
250,363,36.416,3752.416,1858
250,364,39.684,3755.684,1858
250,365,34.175,3750.175,1858
250,366,35.271,3751.271,1858
250,367,38.404,3754.404,1858
250,368,32.045,3748.045,1858
250,369,34.084,3750.084,1858
250,370,37.568,3753.568,1858
250,371,47.742,3763.742,1858
250,372,51.405,3767.405,1858
250,373,53.220,3769.220,1858
250,374,50.510,3766.510,1858
250,375,68.211,3784.211,1858
250,376,74.305,3790.305,1858
250,377,73.390,3789.390,1858
250,378,75.497,3791.497,1858
250,379,111.161,3827.161,1858
250,380,113.329,3829.329,1858
250,381,88.805,3804.805,1858
250,382,94.728,3810.728,1858
250,383,97.321,3813.321,1858
250,384,97.395,3813.395,1858
250,385,113.768,3829.768,1858
250,386,114.839,3830.839,1858
250,387,87.372,3803.372,1858
250,388,70.386,3786.386,1858
250,389,70.302,3786.302,1858
250,390,75.245,3791.245,1858
250,391,51.872,3767.872,1858
250,392,56.706,3772.706,1858
250,393,55.371,3771.371,1858
250,394,67.723,3783.723,1858
250,395,39.085,3755.085,1858
250,396,34.194,3750.194,1858
250,397,32.700,3748.700,1858
250,398,43.500,3759.500,1858
250,399,52.746,3768.746,1858
250,400,52.054,3768.054,1858
250,401,51.498,3767.498,1858
250,402,52.743,3768.743,1858
250,403,52.881,3768.881,1858
250,404,54.929,3770.929,1858
250,405,51.268,3767.268,1858
250,406,57.909,3773.909,1858
250,407,87.222,3803.222,1858
250,408,92.873,3808.873,1858
250,409,49.085,3765.085,1858
250,410,57.744,3773.744,1858
250,411,68.926,3784.926,1858
250,412,67.735,3783.735,1858
250,413,67.646,3783.646,1858
250,414,67.341,3783.341,1858
250,415,95.863,3811.863,1858
250,416,58.510,3774.510,1858
250,417,58.164,3774.164,1858
250,418,52.683,3768.683,1858
250,419,56.994,3772.994,1858
250,420,75.616,3791.616,1858
250,421,51.888,3767.888,1858
250,422,52.466,3768.466,1858
250,423,83.413,3799.413,1858
250,424,90.182,3806.182,1858
250,425,89.654,3805.654,1858
250,426,100.134,3816.134,1858
250,427,60.663,3776.663,1858
250,428,33.672,3749.672,1858
250,429,32.679,3748.679,1858
250,430,31.960,3747.960,1858
250,431,34.781,3750.781,1858
250,432,38.095,3754.095,1858
250,433,44.093,3760.093,1858
250,434,44.798,3760.798,1858
250,435,37.673,3753.673,1858
250,436,37.991,3753.991,1858
250,437,33.880,3749.880,1858
250,438,37.414,3753.414,1858
250,439,50.965,3766.965,1858
250,440,73.601,3789.601,1858
250,441,93.520,3809.520,1858
250,442,84.947,3800.947,1858
250,443,83.944,3799.944,1858
250,444,81.454,3797.454,1858
250,445,83.521,3799.521,1858
250,446,83.119,3799.119,1858
250,447,84.821,3800.821,1858
250,448,83.292,3799.292,1858
250,449,78.387,3794.387,1858
250,450,44.212,3760.212,1858
250,451,77.358,3793.358,1858
250,452,61.602,3777.602,1858
250,453,62.365,3778.365,1858
250,454,87.934,3803.934,1858
250,455,92.414,3808.414,1858
250,456,61.533,3777.533,1858
250,457,61.962,3777.962,1858
250,458,61.382,3777.382,1858
250,459,62.182,3778.182,1858
250,460,51.932,3767.932,1858
250,461,32.276,3748.276,1858
250,462,33.620,3749.620,1858
250,463,36.218,3752.218,1858
250,464,38.066,3754.066,1858
250,465,41.508,3757.508,1858
250,466,46.092,3762.092,1858
250,467,46.521,3762.521,1858
250,468,52.637,3768.637,1858
250,469,60.979,3776.979,1858
250,470,86.775,3802.775,1858
250,471,95.863,3811.863,1858
250,472,102.976,3818.976,1858
250,473,45.317,3761.317,1858
250,474,45.489,3761.489,1858
250,475,51.607,3767.607,1858
250,476,57.223,3773.223,1858
250,477,86.696,3802.696,1858
250,478,50.488,3766.488,1858
250,479,52.932,3768.932,1858
250,480,72.274,3788.274,1858
250,481,80.076,3796.076,1858
250,482,92.784,3808.784,1858
250,483,91.881,3807.881,1858
250,484,75.137,3791.137,1858
250,485,93.099,3809.099,1858
250,486,68.675,3784.675,1858
250,487,67.053,3783.053,1858
250,488,91.117,3807.117,1858
250,489,51.337,3767.337,1858
250,490,67.504,3783.504,1858
250,491,83.517,3799.517,1858
250,492,75.931,3791.931,1858
250,493,85.314,3801.314,1858
250,494,86.427,3802.427,1858
250,495,85.403,3801.403,1858
250,496,64.282,3780.282,1858
250,497,64.561,3780.561,1858
250,498,64.445,3780.445,1858
250,499,64.659,3780.659,1858
250,500,65.987,3781.987,1858
